customer_id,customer_name,gender,age,city,state,region,segment,join_date
1,Customer 1,Female,59,Chennai,Tamil Nadu,South,Consumer,06-04-22
2,Customer 2,Male,41,Delhi,Delhi,North,Home Office,04-20-24
3,Customer 3,Male,20,Mumbai,Maharashtra,West,Consumer,06-04-23
4,Customer 4,Male,33,Kolkata,West Bengal,East,Consumer,03-05-23
5,Customer 5,Male,32,Kolkata,West Bengal,East,Home Office,03-02-22
6,Customer 6,Female,21,Mumbai,Maharashtra,West,Consumer,08-14-23
7,Customer 7,Male,36,Mumbai,Maharashtra,West,Corporate,07-25-23
8,Customer 8,Male,54,Bengaluru,Karnataka,South,Corporate,07-08-23
9,Customer 9,Male,41,Bengaluru,Karnataka,South,Consumer,04-16-22
10,Customer 10,Male,57,Delhi,Delhi,North,Consumer,08-01-23
11,Customer 11,Female,38,Ahmedabad,Gujarat,West,Corporate,11-28-23
12,Customer 12,Female,33,Ahmedabad,Gujarat,West,Consumer,01-06-23
13,Customer 13,Female,51,Hyderabad,Telangana,South,Corporate,03-25-22
14,Customer 14,Female,36,Chennai,Tamil Nadu,South,Home Office,01-17-24
15,Customer 15,Female,28,Delhi,Delhi,North,Corporate,05-01-22
16,Customer 16,Female,20,Bengaluru,Karnataka,South,Home Office,05-16-23
17,Customer 17,Female,39,Delhi,Delhi,North,Home Office,02-22-24
18,Customer 18,Female,55,Chennai,Tamil Nadu,South,Corporate,09-01-23
19,Customer 19,Male,35,Delhi,Delhi,North,Corporate,05-10-24
20,Customer 20,Female,59,Delhi,Delhi,North,Home Office,03-04-22
21,Customer 21,Female,60,Ahmedabad,Gujarat,West,Corporate,10-19-22
22,Customer 22,Female,28,Mumbai,Maharashtra,West,Home Office,04-18-23
23,Customer 23,Male,31,Delhi,Delhi,North,Corporate,05-21-23
24,Customer 24,Male,43,Bengaluru,Karnataka,South,Corporate,01-27-24
25,Customer 25,Male,46,Ahmedabad,Gujarat,West,Corporate,03-24-22
26,Customer 26,Female,53,Pune,Maharashtra,West,Corporate,05-21-22
27,Customer 27,Female,32,Kolkata,West Bengal,East,Consumer,01-03-23
28,Customer 28,Male,32,Delhi,Delhi,North,Home Office,06-30-22
29,Customer 29,Female,55,Hyderabad,Telangana,South,Consumer,01-13-22
30,Customer 30,Male,27,Pune,Maharashtra,West,Corporate,10-16-22
31,Customer 31,Female,26,Chennai,Tamil Nadu,South,Home Office,09-17-23
32,Customer 32,Female,43,Mumbai,Maharashtra,West,Corporate,04-13-23
33,Customer 33,Female,58,Kolkata,West Bengal,East,Corporate,04-17-22
34,Customer 34,Male,31,Mumbai,Maharashtra,West,Corporate,07-15-22
35,Customer 35,Female,56,Bengaluru,Karnataka,South,Consumer,04-23-22
36,Customer 36,Male,52,Delhi,Delhi,North,Consumer,01-01-22
37,Customer 37,Male,22,Chennai,Tamil Nadu,South,Consumer,09-21-23
38,Customer 38,Female,40,Kolkata,West Bengal,East,Home Office,06-02-22
39,Customer 39,Male,25,Chennai,Tamil Nadu,South,Corporate,05-01-23
40,Customer 40,Female,37,Ahmedabad,Gujarat,West,Consumer,05-07-23
41,Customer 41,Female,65,Bengaluru,Karnataka,South,Corporate,04-15-22
42,Customer 42,Male,51,Ahmedabad,Gujarat,West,Consumer,04-28-24
43,Customer 43,Female,27,Hyderabad,Telangana,South,Home Office,06-25-23
44,Customer 44,Female,59,Mumbai,Maharashtra,West,Consumer,02-16-24
45,Customer 45,Female,28,Pune,Maharashtra,West,Corporate,06-15-23
46,Customer 46,Female,58,Hyderabad,Telangana,South,Consumer,06-30-23
47,Customer 47,Male,43,Hyderabad,Telangana,South,Home Office,04-05-24
48,Customer 48,Female,40,Hyderabad,Telangana,South,Home Office,07-24-22
49,Customer 49,Female,48,Mumbai,Maharashtra,West,Corporate,01-29-22
50,Customer 50,Female,46,Hyderabad,Telangana,South,Home Office,12-11-23
51,Customer 51,Male,32,Chennai,Tamil Nadu,South,Consumer,01-09-23
52,Customer 52,Male,39,Hyderabad,Telangana,South,Consumer,04-27-23
53,Customer 53,Male,48,Ahmedabad,Gujarat,West,Home Office,10-02-23
54,Customer 54,Male,60,Chennai,Tamil Nadu,South,Consumer,03-29-24
55,Customer 55,Male,48,Kolkata,West Bengal,East,Consumer,03-12-24
56,Customer 56,Female,23,Kolkata,West Bengal,East,Home Office,03-19-24
57,Customer 57,Female,65,Kolkata,West Bengal,East,Consumer,04-20-23
58,Customer 58,Male,19,Bengaluru,Karnataka,South,Consumer,06-24-22
59,Customer 59,Male,57,Ahmedabad,Gujarat,West,Home Office,04-05-24
60,Customer 60,Female,27,Ahmedabad,Gujarat,West,Home Office,11-05-23
61,Customer 61,Male,64,Bengaluru,Karnataka,South,Home Office,01-22-22
62,Customer 62,Male,45,Delhi,Delhi,North,Consumer,06-24-23
63,Customer 63,Female,31,Hyderabad,Telangana,South,Corporate,01-29-22
64,Customer 64,Female,34,Hyderabad,Telangana,South,Home Office,02-22-24
65,Customer 65,Male,21,Kolkata,West Bengal,East,Home Office,05-04-24
66,Customer 66,Female,50,Chennai,Tamil Nadu,South,Consumer,04-15-23
67,Customer 67,Male,46,Bengaluru,Karnataka,South,Consumer,06-21-23
68,Customer 68,Male,29,Mumbai,Maharashtra,West,Consumer,03-05-24
69,Customer 69,Male,53,Ahmedabad,Gujarat,West,Consumer,09-26-23
70,Customer 70,Female,24,Chennai,Tamil Nadu,South,Home Office,11-30-23
71,Customer 71,Male,35,Mumbai,Maharashtra,West,Consumer,09-12-22
72,Customer 72,Female,53,Delhi,Delhi,North,Consumer,06-04-23
73,Customer 73,Female,57,Delhi,Delhi,North,Home Office,03-30-23
74,Customer 74,Female,46,Hyderabad,Telangana,South,Home Office,12-11-23
75,Customer 75,Male,62,Ahmedabad,Gujarat,West,Home Office,06-04-23
76,Customer 76,Male,46,Pune,Maharashtra,West,Consumer,07-27-23
77,Customer 77,Female,46,Kolkata,West Bengal,East,Corporate,05-05-22
78,Customer 78,Male,45,Delhi,Delhi,North,Consumer,11-19-23
79,Customer 79,Female,25,Hyderabad,Telangana,South,Consumer,11-17-23
80,Customer 80,Female,26,Chennai,Tamil Nadu,South,Corporate,05-27-22
81,Customer 81,Male,43,Hyderabad,Telangana,South,Corporate,02-04-24
82,Customer 82,Male,28,Bengaluru,Karnataka,South,Home Office,11-15-23
83,Customer 83,Female,39,Kolkata,West Bengal,East,Corporate,06-12-23
84,Customer 84,Female,23,Hyderabad,Telangana,South,Home Office,01-01-23
85,Customer 85,Female,53,Chennai,Tamil Nadu,South,Corporate,01-20-22
86,Customer 86,Male,42,Ahmedabad,Gujarat,West,Corporate,12-22-23
87,Customer 87,Male,25,Pune,Maharashtra,West,Consumer,06-09-23
88,Customer 88,Female,35,Delhi,Delhi,North,Consumer,03-28-22
89,Customer 89,Male,45,Bengaluru,Karnataka,South,Home Office,10-04-22
90,Customer 90,Male,52,Pune,Maharashtra,West,Home Office,02-20-23
91,Customer 91,Female,23,Ahmedabad,Gujarat,West,Corporate,12-19-23
92,Customer 92,Male,45,Mumbai,Maharashtra,West,Consumer,03-29-24
93,Customer 93,Male,34,Pune,Maharashtra,West,Consumer,01-18-22
94,Customer 94,Female,25,Hyderabad,Telangana,South,Corporate,03-10-22
95,Customer 95,Female,35,Mumbai,Maharashtra,West,Home Office,12-14-22
96,Customer 96,Male,25,Bengaluru,Karnataka,South,Consumer,02-14-22
97,Customer 97,Male,30,Pune,Maharashtra,West,Corporate,02-21-22
98,Customer 98,Male,36,Pune,Maharashtra,West,Corporate,06-28-23
99,Customer 99,Female,19,Bengaluru,Karnataka,South,Corporate,10-05-22
100,Customer 100,Male,64,Mumbai,Maharashtra,West,Home Office,01-16-22
101,Customer 101,Female,33,Hyderabad,Telangana,South,Corporate,06-11-23
102,Customer 102,Female,60,Delhi,Delhi,North,Corporate,11-06-23
103,Customer 103,Female,62,Kolkata,West Bengal,East,Consumer,06-03-23
104,Customer 104,Male,63,Hyderabad,Telangana,South,Home Office,12-17-22
105,Customer 105,Female,21,Bengaluru,Karnataka,South,Consumer,02-19-23
106,Customer 106,Female,45,Mumbai,Maharashtra,West,Consumer,03-14-22
107,Customer 107,Female,50,Mumbai,Maharashtra,West,Home Office,03-28-22
108,Customer 108,Male,62,Pune,Maharashtra,West,Corporate,09-06-23
109,Customer 109,Male,28,Mumbai,Maharashtra,West,Corporate,04-16-23
110,Customer 110,Female,41,Ahmedabad,Gujarat,West,Corporate,01-04-22
111,Customer 111,Male,37,Chennai,Tamil Nadu,South,Consumer,09-08-22
112,Customer 112,Male,39,Chennai,Tamil Nadu,South,Corporate,07-07-22
113,Customer 113,Female,50,Delhi,Delhi,North,Home Office,05-02-23
114,Customer 114,Male,23,Hyderabad,Telangana,South,Corporate,09-12-22
115,Customer 115,Female,55,Delhi,Delhi,North,Consumer,05-28-22
116,Customer 116,Female,37,Kolkata,West Bengal,East,Home Office,01-24-22
117,Customer 117,Male,60,Hyderabad,Telangana,South,Home Office,03-28-22
118,Customer 118,Female,64,Kolkata,West Bengal,East,Corporate,02-22-24
119,Customer 119,Male,20,Bengaluru,Karnataka,South,Home Office,10-18-22
120,Customer 120,Male,51,Kolkata,West Bengal,East,Home Office,01-22-24
121,Customer 121,Male,23,Mumbai,Maharashtra,West,Consumer,04-26-24
122,Customer 122,Female,24,Mumbai,Maharashtra,West,Corporate,05-17-22
123,Customer 123,Male,58,Ahmedabad,Gujarat,West,Consumer,07-26-23
124,Customer 124,Female,18,Hyderabad,Telangana,South,Corporate,05-17-23
125,Customer 125,Male,60,Delhi,Delhi,North,Home Office,02-06-24
126,Customer 126,Female,34,Delhi,Delhi,North,Consumer,02-03-24
127,Customer 127,Male,32,Pune,Maharashtra,West,Home Office,08-29-22
128,Customer 128,Female,22,Ahmedabad,Gujarat,West,Corporate,05-21-23
129,Customer 129,Male,57,Pune,Maharashtra,West,Home Office,02-25-24
130,Customer 130,Male,39,Hyderabad,Telangana,South,Corporate,03-21-22
131,Customer 131,Male,18,Pune,Maharashtra,West,Corporate,09-29-23
132,Customer 132,Female,61,Mumbai,Maharashtra,West,Consumer,05-13-23
133,Customer 133,Female,36,Hyderabad,Telangana,South,Home Office,11-23-23
134,Customer 134,Female,47,Pune,Maharashtra,West,Consumer,04-21-23
135,Customer 135,Male,48,Hyderabad,Telangana,South,Consumer,11-16-22
136,Customer 136,Male,50,Pune,Maharashtra,West,Corporate,04-15-23
137,Customer 137,Male,31,Pune,Maharashtra,West,Consumer,02-01-23
138,Customer 138,Female,41,Delhi,Delhi,North,Consumer,05-26-22
139,Customer 139,Female,32,Pune,Maharashtra,West,Corporate,04-26-22
140,Customer 140,Male,28,Ahmedabad,Gujarat,West,Consumer,02-08-23
141,Customer 141,Female,43,Ahmedabad,Gujarat,West,Corporate,11-29-23
142,Customer 142,Female,42,Bengaluru,Karnataka,South,Corporate,03-03-23
143,Customer 143,Female,18,Delhi,Delhi,North,Corporate,05-10-24
144,Customer 144,Female,25,Chennai,Tamil Nadu,South,Consumer,05-09-24
145,Customer 145,Female,34,Mumbai,Maharashtra,West,Corporate,01-28-24
146,Customer 146,Female,55,Delhi,Delhi,North,Consumer,02-07-23
147,Customer 147,Female,21,Chennai,Tamil Nadu,South,Corporate,03-15-23
148,Customer 148,Female,58,Delhi,Delhi,North,Consumer,02-22-22
149,Customer 149,Female,50,Hyderabad,Telangana,South,Corporate,09-30-22
150,Customer 150,Female,45,Hyderabad,Telangana,South,Consumer,03-02-24
151,Customer 151,Male,64,Kolkata,West Bengal,East,Consumer,06-15-24
152,Customer 152,Female,46,Mumbai,Maharashtra,West,Home Office,01-20-24
153,Customer 153,Female,49,Bengaluru,Karnataka,South,Consumer,10-22-23
154,Customer 154,Female,44,Bengaluru,Karnataka,South,Corporate,06-24-22
155,Customer 155,Female,65,Pune,Maharashtra,West,Home Office,11-01-22
156,Customer 156,Male,37,Pune,Maharashtra,West,Corporate,02-20-23
157,Customer 157,Male,59,Kolkata,West Bengal,East,Consumer,05-03-22
158,Customer 158,Female,53,Delhi,Delhi,North,Consumer,08-01-22
159,Customer 159,Female,45,Ahmedabad,Gujarat,West,Consumer,12-07-22
160,Customer 160,Male,29,Hyderabad,Telangana,South,Corporate,09-07-22
161,Customer 161,Male,41,Delhi,Delhi,North,Corporate,11-23-22
162,Customer 162,Female,42,Hyderabad,Telangana,South,Corporate,01-21-22
163,Customer 163,Female,39,Hyderabad,Telangana,South,Consumer,01-21-23
164,Customer 164,Female,26,Ahmedabad,Gujarat,West,Home Office,10-12-22
165,Customer 165,Female,33,Hyderabad,Telangana,South,Corporate,04-05-22
166,Customer 166,Female,45,Kolkata,West Bengal,East,Corporate,10-24-23
167,Customer 167,Male,45,Mumbai,Maharashtra,West,Home Office,05-11-22
168,Customer 168,Female,18,Ahmedabad,Gujarat,West,Consumer,08-25-23
169,Customer 169,Female,46,Kolkata,West Bengal,East,Consumer,04-25-24
170,Customer 170,Male,27,Delhi,Delhi,North,Home Office,08-18-22
171,Customer 171,Female,23,Delhi,Delhi,North,Home Office,04-25-24
172,Customer 172,Male,32,Mumbai,Maharashtra,West,Home Office,01-02-22
173,Customer 173,Female,26,Mumbai,Maharashtra,West,Home Office,10-23-23
174,Customer 174,Female,62,Pune,Maharashtra,West,Consumer,06-25-23
175,Customer 175,Female,51,Delhi,Delhi,North,Home Office,03-14-22
176,Customer 176,Female,32,Hyderabad,Telangana,South,Home Office,02-02-23
177,Customer 177,Female,47,Mumbai,Maharashtra,West,Corporate,01-11-22
178,Customer 178,Male,48,Chennai,Tamil Nadu,South,Home Office,10-23-23
179,Customer 179,Male,19,Hyderabad,Telangana,South,Corporate,07-15-23
180,Customer 180,Male,30,Pune,Maharashtra,West,Corporate,02-26-22
181,Customer 181,Female,32,Kolkata,West Bengal,East,Home Office,03-25-22
182,Customer 182,Male,49,Kolkata,West Bengal,East,Consumer,01-15-23
183,Customer 183,Female,41,Chennai,Tamil Nadu,South,Home Office,01-06-24
184,Customer 184,Male,36,Kolkata,West Bengal,East,Home Office,07-22-22
185,Customer 185,Female,30,Delhi,Delhi,North,Corporate,07-30-22
186,Customer 186,Female,32,Hyderabad,Telangana,South,Corporate,08-25-22
187,Customer 187,Female,57,Pune,Maharashtra,West,Consumer,04-22-22
188,Customer 188,Female,60,Hyderabad,Telangana,South,Consumer,05-12-23
189,Customer 189,Male,31,Bengaluru,Karnataka,South,Consumer,02-07-23
190,Customer 190,Male,63,Bengaluru,Karnataka,South,Consumer,03-02-23
191,Customer 191,Female,63,Bengaluru,Karnataka,South,Corporate,02-07-23
192,Customer 192,Male,39,Delhi,Delhi,North,Consumer,03-23-22
193,Customer 193,Female,20,Bengaluru,Karnataka,South,Corporate,10-31-23
194,Customer 194,Female,39,Kolkata,West Bengal,East,Corporate,05-09-24
195,Customer 195,Male,23,Bengaluru,Karnataka,South,Corporate,04-22-22
196,Customer 196,Female,25,Delhi,Delhi,North,Home Office,12-26-22
197,Customer 197,Female,37,Hyderabad,Telangana,South,Corporate,01-25-23
198,Customer 198,Female,30,Delhi,Delhi,North,Corporate,02-20-22
199,Customer 199,Female,41,Ahmedabad,Gujarat,West,Home Office,07-17-22
200,Customer 200,Female,33,Ahmedabad,Gujarat,West,Home Office,02-01-22
201,Customer 201,Female,20,Kolkata,West Bengal,East,Corporate,02-11-22
202,Customer 202,Male,34,Delhi,Delhi,North,Consumer,04-02-24
203,Customer 203,Female,41,Delhi,Delhi,North,Corporate,09-13-23
204,Customer 204,Male,34,Chennai,Tamil Nadu,South,Home Office,09-24-23
205,Customer 205,Female,18,Chennai,Tamil Nadu,South,Home Office,10-10-22
206,Customer 206,Male,24,Delhi,Delhi,North,Corporate,01-25-22
207,Customer 207,Female,34,Ahmedabad,Gujarat,West,Corporate,03-05-24
208,Customer 208,Female,29,Ahmedabad,Gujarat,West,Consumer,05-16-22
209,Customer 209,Male,56,Pune,Maharashtra,West,Consumer,04-22-24
210,Customer 210,Female,47,Chennai,Tamil Nadu,South,Corporate,05-31-24
211,Customer 211,Male,43,Delhi,Delhi,North,Consumer,06-09-23
212,Customer 212,Male,59,Hyderabad,Telangana,South,Consumer,02-22-23
213,Customer 213,Female,28,Ahmedabad,Gujarat,West,Corporate,07-20-23
214,Customer 214,Female,57,Delhi,Delhi,North,Consumer,03-15-22
215,Customer 215,Female,49,Hyderabad,Telangana,South,Home Office,04-09-22
216,Customer 216,Male,26,Ahmedabad,Gujarat,West,Corporate,06-27-22
217,Customer 217,Male,65,Ahmedabad,Gujarat,West,Home Office,09-28-23
218,Customer 218,Female,36,Delhi,Delhi,North,Corporate,03-09-24
219,Customer 219,Female,65,Pune,Maharashtra,West,Corporate,01-17-23
220,Customer 220,Male,29,Hyderabad,Telangana,South,Consumer,03-26-23
221,Customer 221,Female,55,Hyderabad,Telangana,South,Consumer,06-07-22
222,Customer 222,Female,34,Chennai,Tamil Nadu,South,Consumer,03-08-22
223,Customer 223,Male,59,Hyderabad,Telangana,South,Corporate,10-28-23
224,Customer 224,Male,48,Mumbai,Maharashtra,West,Consumer,04-15-22
225,Customer 225,Male,36,Ahmedabad,Gujarat,West,Consumer,01-18-23
226,Customer 226,Male,56,Delhi,Delhi,North,Home Office,02-21-22
227,Customer 227,Female,50,Hyderabad,Telangana,South,Consumer,03-18-22
228,Customer 228,Female,60,Ahmedabad,Gujarat,West,Consumer,09-10-23
229,Customer 229,Female,31,Delhi,Delhi,North,Consumer,10-15-23
230,Customer 230,Male,20,Chennai,Tamil Nadu,South,Consumer,12-15-22
231,Customer 231,Male,18,Pune,Maharashtra,West,Corporate,02-09-22
232,Customer 232,Female,29,Kolkata,West Bengal,East,Home Office,11-26-23
233,Customer 233,Male,20,Pune,Maharashtra,West,Corporate,03-21-22
234,Customer 234,Female,24,Ahmedabad,Gujarat,West,Corporate,03-06-22
235,Customer 235,Male,59,Bengaluru,Karnataka,South,Consumer,10-17-23
236,Customer 236,Female,44,Kolkata,West Bengal,East,Corporate,12-14-23
237,Customer 237,Male,37,Pune,Maharashtra,West,Home Office,03-04-23
238,Customer 238,Female,19,Chennai,Tamil Nadu,South,Corporate,03-01-23
239,Customer 239,Female,31,Hyderabad,Telangana,South,Consumer,02-05-23
240,Customer 240,Female,25,Kolkata,West Bengal,East,Consumer,06-10-22
241,Customer 241,Female,47,Kolkata,West Bengal,East,Consumer,08-15-23
242,Customer 242,Male,53,Bengaluru,Karnataka,South,Consumer,01-16-22
243,Customer 243,Female,65,Kolkata,West Bengal,East,Home Office,04-02-22
244,Customer 244,Female,36,Bengaluru,Karnataka,South,Consumer,05-30-22
245,Customer 245,Male,42,Bengaluru,Karnataka,South,Corporate,03-10-22
246,Customer 246,Male,20,Hyderabad,Telangana,South,Corporate,11-05-22
247,Customer 247,Female,23,Chennai,Tamil Nadu,South,Home Office,02-24-22
248,Customer 248,Male,57,Bengaluru,Karnataka,South,Corporate,10-18-23
249,Customer 249,Female,29,Hyderabad,Telangana,South,Home Office,04-29-24
250,Customer 250,Female,51,Hyderabad,Telangana,South,Consumer,02-12-22
251,Customer 251,Male,27,Kolkata,West Bengal,East,Consumer,01-03-23
252,Customer 252,Male,60,Hyderabad,Telangana,South,Corporate,02-12-22
253,Customer 253,Female,53,Delhi,Delhi,North,Home Office,02-04-23
254,Customer 254,Female,37,Pune,Maharashtra,West,Home Office,10-27-23
255,Customer 255,Female,60,Hyderabad,Telangana,South,Corporate,03-12-23
256,Customer 256,Female,29,Ahmedabad,Gujarat,West,Consumer,05-31-23
257,Customer 257,Female,47,Mumbai,Maharashtra,West,Consumer,09-26-23
258,Customer 258,Female,29,Ahmedabad,Gujarat,West,Corporate,02-21-24
259,Customer 259,Male,26,Kolkata,West Bengal,East,Corporate,04-20-22
260,Customer 260,Male,46,Kolkata,West Bengal,East,Home Office,01-10-23
261,Customer 261,Male,23,Mumbai,Maharashtra,West,Home Office,02-11-22
262,Customer 262,Male,21,Chennai,Tamil Nadu,South,Home Office,03-07-24
263,Customer 263,Male,19,Kolkata,West Bengal,East,Consumer,10-31-23
264,Customer 264,Male,49,Delhi,Delhi,North,Corporate,07-18-22
265,Customer 265,Male,22,Bengaluru,Karnataka,South,Corporate,12-04-23
266,Customer 266,Female,57,Pune,Maharashtra,West,Corporate,06-12-22
267,Customer 267,Female,50,Ahmedabad,Gujarat,West,Corporate,05-28-22
268,Customer 268,Female,57,Hyderabad,Telangana,South,Home Office,08-30-23
269,Customer 269,Female,20,Hyderabad,Telangana,South,Consumer,11-23-22
270,Customer 270,Male,58,Bengaluru,Karnataka,South,Corporate,02-18-23
271,Customer 271,Male,34,Chennai,Tamil Nadu,South,Consumer,01-21-23
272,Customer 272,Female,46,Mumbai,Maharashtra,West,Home Office,10-14-23
273,Customer 273,Female,65,Delhi,Delhi,North,Corporate,09-16-22
274,Customer 274,Female,54,Pune,Maharashtra,West,Consumer,01-20-23
275,Customer 275,Male,46,Chennai,Tamil Nadu,South,Consumer,12-05-22
276,Customer 276,Male,36,Bengaluru,Karnataka,South,Home Office,09-23-23
277,Customer 277,Female,64,Pune,Maharashtra,West,Consumer,11-14-22
278,Customer 278,Male,36,Mumbai,Maharashtra,West,Home Office,08-15-22
279,Customer 279,Female,21,Kolkata,West Bengal,East,Consumer,03-04-23
280,Customer 280,Male,19,Ahmedabad,Gujarat,West,Consumer,08-21-22
281,Customer 281,Female,37,Mumbai,Maharashtra,West,Consumer,08-04-23
282,Customer 282,Male,44,Chennai,Tamil Nadu,South,Home Office,07-01-23
283,Customer 283,Male,31,Pune,Maharashtra,West,Corporate,08-27-23
284,Customer 284,Male,18,Ahmedabad,Gujarat,West,Consumer,06-12-22
285,Customer 285,Male,22,Bengaluru,Karnataka,South,Home Office,04-07-23
286,Customer 286,Female,43,Bengaluru,Karnataka,South,Corporate,06-11-24
287,Customer 287,Female,56,Mumbai,Maharashtra,West,Home Office,02-27-22
288,Customer 288,Female,33,Ahmedabad,Gujarat,West,Consumer,09-09-23
289,Customer 289,Male,52,Mumbai,Maharashtra,West,Consumer,02-15-22
290,Customer 290,Male,28,Kolkata,West Bengal,East,Consumer,07-10-22
291,Customer 291,Male,27,Delhi,Delhi,North,Corporate,01-13-22
292,Customer 292,Female,57,Hyderabad,Telangana,South,Consumer,06-15-23
293,Customer 293,Female,58,Pune,Maharashtra,West,Consumer,03-07-22
294,Customer 294,Male,42,Ahmedabad,Gujarat,West,Corporate,01-03-24
295,Customer 295,Female,29,Ahmedabad,Gujarat,West,Consumer,03-24-22
296,Customer 296,Male,59,Delhi,Delhi,North,Consumer,09-25-22
297,Customer 297,Female,63,Delhi,Delhi,North,Consumer,12-10-22
298,Customer 298,Female,61,Pune,Maharashtra,West,Home Office,10-14-23
299,Customer 299,Male,23,Pune,Maharashtra,West,Home Office,10-30-22
300,Customer 300,Female,33,Mumbai,Maharashtra,West,Home Office,06-23-22
301,Customer 301,Female,30,Hyderabad,Telangana,South,Corporate,06-13-22
302,Customer 302,Male,42,Chennai,Tamil Nadu,South,Home Office,09-08-23
303,Customer 303,Male,19,Ahmedabad,Gujarat,West,Corporate,04-29-23
304,Customer 304,Female,31,Hyderabad,Telangana,South,Corporate,08-08-23
305,Customer 305,Male,27,Delhi,Delhi,North,Consumer,08-02-23
306,Customer 306,Male,57,Mumbai,Maharashtra,West,Consumer,04-25-22
307,Customer 307,Male,19,Chennai,Tamil Nadu,South,Consumer,05-26-22
308,Customer 308,Male,62,Bengaluru,Karnataka,South,Consumer,12-11-23
309,Customer 309,Female,30,Mumbai,Maharashtra,West,Home Office,03-09-22
310,Customer 310,Female,24,Delhi,Delhi,North,Consumer,06-19-24
311,Customer 311,Male,20,Hyderabad,Telangana,South,Consumer,07-28-22
312,Customer 312,Female,48,Delhi,Delhi,North,Consumer,04-24-24
313,Customer 313,Male,36,Bengaluru,Karnataka,South,Corporate,04-11-22
314,Customer 314,Female,19,Chennai,Tamil Nadu,South,Corporate,03-10-23
315,Customer 315,Male,63,Pune,Maharashtra,West,Corporate,10-17-22
316,Customer 316,Female,36,Chennai,Tamil Nadu,South,Home Office,02-27-24
317,Customer 317,Female,19,Mumbai,Maharashtra,West,Corporate,03-18-24
318,Customer 318,Female,63,Delhi,Delhi,North,Consumer,12-22-22
319,Customer 319,Male,54,Hyderabad,Telangana,South,Corporate,01-02-24
320,Customer 320,Male,51,Bengaluru,Karnataka,South,Consumer,03-23-23
321,Customer 321,Male,18,Pune,Maharashtra,West,Corporate,02-20-24
322,Customer 322,Female,62,Ahmedabad,Gujarat,West,Consumer,04-08-22
323,Customer 323,Female,50,Ahmedabad,Gujarat,West,Corporate,08-30-23
324,Customer 324,Male,62,Bengaluru,Karnataka,South,Consumer,10-18-22
325,Customer 325,Male,58,Ahmedabad,Gujarat,West,Consumer,06-19-22
326,Customer 326,Male,58,Ahmedabad,Gujarat,West,Corporate,03-17-24
327,Customer 327,Female,43,Chennai,Tamil Nadu,South,Home Office,04-08-22
328,Customer 328,Male,41,Delhi,Delhi,North,Consumer,03-09-23
329,Customer 329,Female,52,Pune,Maharashtra,West,Home Office,09-27-22
330,Customer 330,Male,47,Bengaluru,Karnataka,South,Consumer,01-24-23
331,Customer 331,Female,51,Mumbai,Maharashtra,West,Consumer,12-23-22
332,Customer 332,Female,28,Ahmedabad,Gujarat,West,Corporate,11-09-23
333,Customer 333,Female,55,Ahmedabad,Gujarat,West,Consumer,12-07-23
334,Customer 334,Female,59,Bengaluru,Karnataka,South,Home Office,12-09-22
335,Customer 335,Male,35,Hyderabad,Telangana,South,Corporate,06-04-23
336,Customer 336,Male,33,Bengaluru,Karnataka,South,Home Office,01-11-24
337,Customer 337,Female,28,Chennai,Tamil Nadu,South,Consumer,09-10-23
338,Customer 338,Female,64,Chennai,Tamil Nadu,South,Consumer,07-13-22
339,Customer 339,Male,30,Bengaluru,Karnataka,South,Corporate,11-05-23
340,Customer 340,Female,64,Bengaluru,Karnataka,South,Corporate,06-01-22
341,Customer 341,Male,24,Kolkata,West Bengal,East,Home Office,10-08-22
342,Customer 342,Male,42,Delhi,Delhi,North,Corporate,10-15-22
343,Customer 343,Female,45,Mumbai,Maharashtra,West,Home Office,01-13-22
344,Customer 344,Female,47,Hyderabad,Telangana,South,Consumer,05-28-23
345,Customer 345,Female,18,Bengaluru,Karnataka,South,Home Office,09-21-22
346,Customer 346,Female,62,Hyderabad,Telangana,South,Home Office,05-23-24
347,Customer 347,Male,60,Kolkata,West Bengal,East,Home Office,05-16-24
348,Customer 348,Male,59,Hyderabad,Telangana,South,Consumer,11-27-23
349,Customer 349,Female,34,Ahmedabad,Gujarat,West,Home Office,03-19-23
350,Customer 350,Male,43,Delhi,Delhi,North,Home Office,03-06-23
351,Customer 351,Female,48,Bengaluru,Karnataka,South,Corporate,09-14-22
352,Customer 352,Female,51,Mumbai,Maharashtra,West,Home Office,09-29-23
353,Customer 353,Female,18,Bengaluru,Karnataka,South,Corporate,11-02-23
354,Customer 354,Male,34,Ahmedabad,Gujarat,West,Home Office,04-19-22
355,Customer 355,Male,51,Hyderabad,Telangana,South,Corporate,06-14-22
356,Customer 356,Female,52,Delhi,Delhi,North,Consumer,05-17-24
357,Customer 357,Male,58,Ahmedabad,Gujarat,West,Corporate,06-09-23
358,Customer 358,Female,31,Chennai,Tamil Nadu,South,Home Office,02-25-23
359,Customer 359,Male,64,Bengaluru,Karnataka,South,Home Office,02-06-23
360,Customer 360,Male,34,Chennai,Tamil Nadu,South,Corporate,10-15-23
361,Customer 361,Male,18,Kolkata,West Bengal,East,Consumer,02-14-23
362,Customer 362,Female,55,Kolkata,West Bengal,East,Corporate,03-07-23
363,Customer 363,Female,65,Delhi,Delhi,North,Corporate,08-18-22
364,Customer 364,Female,47,Hyderabad,Telangana,South,Consumer,03-31-24
365,Customer 365,Male,58,Bengaluru,Karnataka,South,Consumer,05-13-22
366,Customer 366,Male,27,Ahmedabad,Gujarat,West,Corporate,10-20-23
367,Customer 367,Female,53,Kolkata,West Bengal,East,Home Office,04-25-23
368,Customer 368,Female,40,Bengaluru,Karnataka,South,Consumer,03-09-24
369,Customer 369,Female,61,Pune,Maharashtra,West,Corporate,12-23-23
370,Customer 370,Male,48,Kolkata,West Bengal,East,Consumer,11-27-23
371,Customer 371,Male,59,Pune,Maharashtra,West,Corporate,01-02-23
372,Customer 372,Female,45,Chennai,Tamil Nadu,South,Home Office,05-07-23
373,Customer 373,Female,27,Delhi,Delhi,North,Corporate,11-07-23
374,Customer 374,Male,54,Kolkata,West Bengal,East,Corporate,02-28-22
375,Customer 375,Female,58,Bengaluru,Karnataka,South,Home Office,06-28-23
376,Customer 376,Male,31,Mumbai,Maharashtra,West,Consumer,11-05-23
377,Customer 377,Male,55,Pune,Maharashtra,West,Consumer,09-14-22
378,Customer 378,Female,40,Hyderabad,Telangana,South,Consumer,07-10-22
379,Customer 379,Male,57,Hyderabad,Telangana,South,Home Office,02-17-23
380,Customer 380,Female,30,Delhi,Delhi,North,Corporate,11-16-23
381,Customer 381,Male,65,Hyderabad,Telangana,South,Corporate,06-28-23
382,Customer 382,Male,34,Delhi,Delhi,North,Corporate,07-23-23
383,Customer 383,Male,48,Hyderabad,Telangana,South,Corporate,04-26-24
384,Customer 384,Female,27,Mumbai,Maharashtra,West,Home Office,05-11-23
385,Customer 385,Female,28,Ahmedabad,Gujarat,West,Home Office,09-10-22
386,Customer 386,Female,47,Mumbai,Maharashtra,West,Home Office,06-14-22
387,Customer 387,Female,47,Ahmedabad,Gujarat,West,Corporate,11-13-23
388,Customer 388,Male,29,Kolkata,West Bengal,East,Home Office,03-05-23
389,Customer 389,Male,19,Chennai,Tamil Nadu,South,Home Office,10-14-23
390,Customer 390,Female,24,Mumbai,Maharashtra,West,Home Office,11-30-23
391,Customer 391,Male,20,Ahmedabad,Gujarat,West,Consumer,05-12-23
392,Customer 392,Male,39,Kolkata,West Bengal,East,Consumer,10-03-23
393,Customer 393,Female,51,Chennai,Tamil Nadu,South,Home Office,12-16-22
394,Customer 394,Female,39,Hyderabad,Telangana,South,Corporate,10-18-22
395,Customer 395,Male,36,Pune,Maharashtra,West,Corporate,07-22-23
396,Customer 396,Female,43,Chennai,Tamil Nadu,South,Corporate,04-27-24
397,Customer 397,Female,31,Pune,Maharashtra,West,Home Office,06-12-24
398,Customer 398,Male,39,Ahmedabad,Gujarat,West,Consumer,03-21-24
399,Customer 399,Female,26,Chennai,Tamil Nadu,South,Home Office,01-01-24
400,Customer 400,Male,43,Delhi,Delhi,North,Home Office,03-14-24
401,Customer 401,Male,43,Kolkata,West Bengal,East,Corporate,07-13-23
402,Customer 402,Male,30,Delhi,Delhi,North,Corporate,01-07-22
403,Customer 403,Female,57,Mumbai,Maharashtra,West,Consumer,03-18-24
404,Customer 404,Male,60,Delhi,Delhi,North,Home Office,08-06-22
405,Customer 405,Male,24,Ahmedabad,Gujarat,West,Home Office,10-03-23
406,Customer 406,Male,44,Bengaluru,Karnataka,South,Consumer,06-09-24
407,Customer 407,Male,37,Mumbai,Maharashtra,West,Home Office,01-13-23
408,Customer 408,Female,29,Pune,Maharashtra,West,Corporate,06-02-24
409,Customer 409,Male,45,Mumbai,Maharashtra,West,Home Office,11-23-22
410,Customer 410,Male,25,Mumbai,Maharashtra,West,Corporate,05-25-23
411,Customer 411,Male,18,Kolkata,West Bengal,East,Home Office,04-03-23
412,Customer 412,Male,48,Kolkata,West Bengal,East,Corporate,09-01-23
413,Customer 413,Female,31,Delhi,Delhi,North,Consumer,03-26-22
414,Customer 414,Male,18,Mumbai,Maharashtra,West,Home Office,03-14-23
415,Customer 415,Male,31,Delhi,Delhi,North,Consumer,05-29-24
416,Customer 416,Male,35,Bengaluru,Karnataka,South,Home Office,04-29-23
417,Customer 417,Male,21,Hyderabad,Telangana,South,Corporate,04-07-23
418,Customer 418,Male,36,Bengaluru,Karnataka,South,Home Office,01-18-24
419,Customer 419,Female,21,Ahmedabad,Gujarat,West,Home Office,04-17-23
420,Customer 420,Male,18,Mumbai,Maharashtra,West,Home Office,01-12-22
421,Customer 421,Female,37,Delhi,Delhi,North,Home Office,02-03-23
422,Customer 422,Female,56,Bengaluru,Karnataka,South,Consumer,05-31-24
423,Customer 423,Female,48,Chennai,Tamil Nadu,South,Home Office,01-12-23
424,Customer 424,Male,41,Bengaluru,Karnataka,South,Home Office,05-29-22
425,Customer 425,Female,48,Bengaluru,Karnataka,South,Corporate,10-07-23
426,Customer 426,Female,36,Ahmedabad,Gujarat,West,Corporate,10-06-22
427,Customer 427,Female,56,Mumbai,Maharashtra,West,Home Office,09-29-23
428,Customer 428,Male,56,Mumbai,Maharashtra,West,Corporate,05-01-24
429,Customer 429,Female,42,Kolkata,West Bengal,East,Home Office,09-10-22
430,Customer 430,Male,46,Kolkata,West Bengal,East,Corporate,09-09-23
431,Customer 431,Female,35,Mumbai,Maharashtra,West,Corporate,11-26-22
432,Customer 432,Male,36,Bengaluru,Karnataka,South,Consumer,08-24-23
433,Customer 433,Female,40,Bengaluru,Karnataka,South,Home Office,10-08-22
434,Customer 434,Female,42,Delhi,Delhi,North,Consumer,07-07-23
435,Customer 435,Male,61,Hyderabad,Telangana,South,Corporate,11-13-22
436,Customer 436,Male,34,Ahmedabad,Gujarat,West,Home Office,12-27-23
437,Customer 437,Female,47,Mumbai,Maharashtra,West,Home Office,03-21-24
438,Customer 438,Female,22,Delhi,Delhi,North,Consumer,07-04-23
439,Customer 439,Female,51,Kolkata,West Bengal,East,Corporate,08-17-23
440,Customer 440,Male,30,Ahmedabad,Gujarat,West,Consumer,06-03-23
441,Customer 441,Male,62,Hyderabad,Telangana,South,Corporate,04-05-22
442,Customer 442,Female,43,Chennai,Tamil Nadu,South,Home Office,08-15-23
443,Customer 443,Male,49,Bengaluru,Karnataka,South,Corporate,09-10-22
444,Customer 444,Female,23,Delhi,Delhi,North,Consumer,01-16-23
445,Customer 445,Male,40,Chennai,Tamil Nadu,South,Corporate,09-04-23
446,Customer 446,Male,31,Mumbai,Maharashtra,West,Home Office,04-07-22
447,Customer 447,Male,34,Ahmedabad,Gujarat,West,Corporate,08-24-23
448,Customer 448,Female,55,Kolkata,West Bengal,East,Home Office,04-10-22
449,Customer 449,Male,39,Bengaluru,Karnataka,South,Consumer,09-18-22
450,Customer 450,Male,19,Bengaluru,Karnataka,South,Consumer,01-23-23
451,Customer 451,Female,63,Mumbai,Maharashtra,West,Corporate,07-25-23
452,Customer 452,Male,56,Ahmedabad,Gujarat,West,Home Office,05-15-24
453,Customer 453,Male,34,Kolkata,West Bengal,East,Corporate,05-03-22
454,Customer 454,Male,60,Hyderabad,Telangana,South,Home Office,10-19-23
455,Customer 455,Female,28,Kolkata,West Bengal,East,Corporate,07-07-22
456,Customer 456,Male,29,Hyderabad,Telangana,South,Consumer,01-09-24
457,Customer 457,Male,53,Pune,Maharashtra,West,Consumer,12-27-22
458,Customer 458,Female,21,Mumbai,Maharashtra,West,Consumer,09-22-22
459,Customer 459,Male,30,Bengaluru,Karnataka,South,Home Office,11-22-22
460,Customer 460,Female,59,Pune,Maharashtra,West,Consumer,08-27-23
461,Customer 461,Female,34,Ahmedabad,Gujarat,West,Corporate,11-28-22
462,Customer 462,Female,42,Delhi,Delhi,North,Consumer,01-19-23
463,Customer 463,Male,61,Ahmedabad,Gujarat,West,Consumer,09-02-22
464,Customer 464,Male,20,Ahmedabad,Gujarat,West,Consumer,01-05-24
465,Customer 465,Female,65,Hyderabad,Telangana,South,Consumer,03-21-22
466,Customer 466,Female,19,Ahmedabad,Gujarat,West,Home Office,04-10-22
467,Customer 467,Female,38,Delhi,Delhi,North,Consumer,04-09-23
468,Customer 468,Female,27,Ahmedabad,Gujarat,West,Corporate,04-29-22
469,Customer 469,Male,29,Hyderabad,Telangana,South,Home Office,01-24-24
470,Customer 470,Male,46,Ahmedabad,Gujarat,West,Consumer,07-21-23
471,Customer 471,Female,33,Pune,Maharashtra,West,Consumer,03-05-23
472,Customer 472,Female,39,Mumbai,Maharashtra,West,Consumer,10-05-22
473,Customer 473,Male,38,Pune,Maharashtra,West,Corporate,05-18-23
474,Customer 474,Male,50,Ahmedabad,Gujarat,West,Consumer,04-27-22
475,Customer 475,Female,36,Hyderabad,Telangana,South,Consumer,07-28-23
476,Customer 476,Male,41,Pune,Maharashtra,West,Corporate,02-12-24
477,Customer 477,Male,24,Pune,Maharashtra,West,Corporate,09-02-22
478,Customer 478,Male,21,Pune,Maharashtra,West,Home Office,03-02-23
479,Customer 479,Male,46,Pune,Maharashtra,West,Home Office,05-28-22
480,Customer 480,Male,46,Chennai,Tamil Nadu,South,Consumer,06-08-23
481,Customer 481,Female,45,Pune,Maharashtra,West,Consumer,07-10-22
482,Customer 482,Female,54,Kolkata,West Bengal,East,Consumer,08-12-22
483,Customer 483,Male,51,Bengaluru,Karnataka,South,Consumer,05-13-24
484,Customer 484,Male,23,Bengaluru,Karnataka,South,Home Office,07-21-22
485,Customer 485,Female,29,Ahmedabad,Gujarat,West,Consumer,02-19-24
486,Customer 486,Male,55,Bengaluru,Karnataka,South,Corporate,09-20-23
487,Customer 487,Male,62,Hyderabad,Telangana,South,Home Office,01-11-22
488,Customer 488,Male,51,Kolkata,West Bengal,East,Corporate,05-11-24
489,Customer 489,Female,23,Chennai,Tamil Nadu,South,Consumer,10-16-22
490,Customer 490,Female,26,Kolkata,West Bengal,East,Home Office,02-21-24
491,Customer 491,Male,54,Pune,Maharashtra,West,Corporate,09-12-22
492,Customer 492,Female,54,Mumbai,Maharashtra,West,Home Office,06-17-22
493,Customer 493,Female,51,Mumbai,Maharashtra,West,Consumer,12-31-22
494,Customer 494,Male,38,Delhi,Delhi,North,Home Office,01-01-23
495,Customer 495,Male,36,Kolkata,West Bengal,East,Consumer,08-14-23
496,Customer 496,Male,51,Ahmedabad,Gujarat,West,Home Office,04-03-23
497,Customer 497,Male,23,Bengaluru,Karnataka,South,Consumer,01-22-22
498,Customer 498,Male,37,Bengaluru,Karnataka,South,Corporate,06-21-22
499,Customer 499,Male,62,Mumbai,Maharashtra,West,Home Office,01-20-22
500,Customer 500,Male,56,Hyderabad,Telangana,South,Home Office,09-25-22
501,Customer 501,Male,62,Ahmedabad,Gujarat,West,Corporate,06-20-23
502,Customer 502,Male,63,Delhi,Delhi,North,Consumer,12-26-22
503,Customer 503,Male,47,Mumbai,Maharashtra,West,Corporate,10-07-22
504,Customer 504,Male,25,Pune,Maharashtra,West,Corporate,04-23-22
505,Customer 505,Male,32,Bengaluru,Karnataka,South,Consumer,07-09-23
506,Customer 506,Female,28,Ahmedabad,Gujarat,West,Consumer,02-04-24
507,Customer 507,Female,56,Kolkata,West Bengal,East,Home Office,12-12-23
508,Customer 508,Male,41,Mumbai,Maharashtra,West,Corporate,02-10-23
509,Customer 509,Female,63,Kolkata,West Bengal,East,Corporate,09-04-22
510,Customer 510,Female,53,Chennai,Tamil Nadu,South,Consumer,04-14-24
511,Customer 511,Male,61,Chennai,Tamil Nadu,South,Corporate,06-14-23
512,Customer 512,Female,60,Hyderabad,Telangana,South,Home Office,06-10-24
513,Customer 513,Male,51,Mumbai,Maharashtra,West,Consumer,01-09-23
514,Customer 514,Female,30,Delhi,Delhi,North,Home Office,11-29-22
515,Customer 515,Male,44,Mumbai,Maharashtra,West,Corporate,08-19-22
516,Customer 516,Male,20,Ahmedabad,Gujarat,West,Consumer,10-11-23
517,Customer 517,Female,58,Pune,Maharashtra,West,Home Office,11-26-23
518,Customer 518,Male,34,Mumbai,Maharashtra,West,Consumer,09-29-23
519,Customer 519,Male,20,Mumbai,Maharashtra,West,Corporate,03-21-23
520,Customer 520,Female,59,Delhi,Delhi,North,Consumer,11-09-22
521,Customer 521,Female,23,Delhi,Delhi,North,Corporate,03-03-22
522,Customer 522,Male,50,Bengaluru,Karnataka,South,Consumer,03-27-23
523,Customer 523,Female,35,Pune,Maharashtra,West,Consumer,02-21-23
524,Customer 524,Female,47,Delhi,Delhi,North,Home Office,01-29-24
525,Customer 525,Female,30,Hyderabad,Telangana,South,Home Office,10-28-23
526,Customer 526,Female,57,Chennai,Tamil Nadu,South,Corporate,04-17-23
527,Customer 527,Female,19,Ahmedabad,Gujarat,West,Consumer,04-18-24
528,Customer 528,Male,50,Chennai,Tamil Nadu,South,Home Office,08-15-22
529,Customer 529,Female,18,Kolkata,West Bengal,East,Corporate,08-23-23
530,Customer 530,Male,38,Bengaluru,Karnataka,South,Home Office,06-01-24
531,Customer 531,Female,36,Chennai,Tamil Nadu,South,Consumer,05-19-23
532,Customer 532,Male,28,Pune,Maharashtra,West,Home Office,02-28-22
533,Customer 533,Female,46,Delhi,Delhi,North,Home Office,09-13-23
534,Customer 534,Female,46,Mumbai,Maharashtra,West,Corporate,06-14-23
535,Customer 535,Male,61,Delhi,Delhi,North,Home Office,06-18-23
536,Customer 536,Female,60,Bengaluru,Karnataka,South,Corporate,03-03-23
537,Customer 537,Male,57,Bengaluru,Karnataka,South,Home Office,11-23-23
538,Customer 538,Male,65,Pune,Maharashtra,West,Home Office,04-20-24
539,Customer 539,Male,44,Ahmedabad,Gujarat,West,Consumer,10-03-22
540,Customer 540,Male,49,Mumbai,Maharashtra,West,Corporate,02-25-23
541,Customer 541,Female,57,Bengaluru,Karnataka,South,Home Office,03-04-23
542,Customer 542,Female,62,Delhi,Delhi,North,Corporate,01-24-23
543,Customer 543,Female,36,Pune,Maharashtra,West,Corporate,01-11-24
544,Customer 544,Female,59,Kolkata,West Bengal,East,Corporate,06-23-23
545,Customer 545,Female,42,Mumbai,Maharashtra,West,Corporate,03-16-24
546,Customer 546,Female,27,Pune,Maharashtra,West,Corporate,07-08-22
547,Customer 547,Male,23,Kolkata,West Bengal,East,Corporate,08-19-23
548,Customer 548,Male,38,Chennai,Tamil Nadu,South,Consumer,05-13-24
549,Customer 549,Male,21,Kolkata,West Bengal,East,Corporate,01-11-22
550,Customer 550,Female,52,Ahmedabad,Gujarat,West,Home Office,11-04-22
551,Customer 551,Female,42,Kolkata,West Bengal,East,Corporate,06-14-23
552,Customer 552,Female,46,Chennai,Tamil Nadu,South,Consumer,02-11-22
553,Customer 553,Male,24,Delhi,Delhi,North,Corporate,06-22-23
554,Customer 554,Female,59,Chennai,Tamil Nadu,South,Home Office,05-28-23
555,Customer 555,Male,44,Bengaluru,Karnataka,South,Corporate,06-19-24
556,Customer 556,Female,62,Kolkata,West Bengal,East,Home Office,03-27-23
557,Customer 557,Female,38,Delhi,Delhi,North,Corporate,06-24-22
558,Customer 558,Female,50,Delhi,Delhi,North,Consumer,04-25-24
559,Customer 559,Female,62,Delhi,Delhi,North,Corporate,11-03-23
560,Customer 560,Male,51,Kolkata,West Bengal,East,Corporate,10-09-23
561,Customer 561,Male,44,Hyderabad,Telangana,South,Consumer,06-02-23
562,Customer 562,Male,40,Mumbai,Maharashtra,West,Home Office,10-08-23
563,Customer 563,Female,18,Mumbai,Maharashtra,West,Consumer,12-10-23
564,Customer 564,Male,37,Pune,Maharashtra,West,Corporate,12-29-23
565,Customer 565,Male,60,Delhi,Delhi,North,Consumer,08-24-23
566,Customer 566,Female,53,Hyderabad,Telangana,South,Home Office,06-29-22
567,Customer 567,Male,54,Pune,Maharashtra,West,Consumer,06-11-24
568,Customer 568,Male,27,Kolkata,West Bengal,East,Consumer,09-09-23
569,Customer 569,Male,22,Delhi,Delhi,North,Consumer,01-30-22
570,Customer 570,Female,57,Ahmedabad,Gujarat,West,Corporate,04-22-24
571,Customer 571,Male,61,Mumbai,Maharashtra,West,Home Office,10-28-23
572,Customer 572,Male,40,Chennai,Tamil Nadu,South,Corporate,05-28-22
573,Customer 573,Female,58,Bengaluru,Karnataka,South,Consumer,02-03-22
574,Customer 574,Male,46,Delhi,Delhi,North,Home Office,12-24-22
575,Customer 575,Male,32,Kolkata,West Bengal,East,Corporate,01-21-22
576,Customer 576,Male,57,Mumbai,Maharashtra,West,Consumer,03-27-23
577,Customer 577,Male,28,Hyderabad,Telangana,South,Home Office,08-17-22
578,Customer 578,Male,47,Bengaluru,Karnataka,South,Corporate,11-19-22
579,Customer 579,Female,49,Kolkata,West Bengal,East,Consumer,09-10-23
580,Customer 580,Female,61,Hyderabad,Telangana,South,Home Office,11-25-23
581,Customer 581,Female,43,Hyderabad,Telangana,South,Home Office,02-28-23
582,Customer 582,Male,23,Ahmedabad,Gujarat,West,Consumer,01-23-22
583,Customer 583,Female,29,Bengaluru,Karnataka,South,Consumer,01-02-23
584,Customer 584,Female,25,Pune,Maharashtra,West,Corporate,02-10-23
585,Customer 585,Female,59,Kolkata,West Bengal,East,Consumer,12-10-22
586,Customer 586,Female,53,Delhi,Delhi,North,Consumer,03-09-23
587,Customer 587,Female,36,Kolkata,West Bengal,East,Corporate,07-15-22
588,Customer 588,Male,35,Hyderabad,Telangana,South,Home Office,03-23-23
589,Customer 589,Male,33,Mumbai,Maharashtra,West,Home Office,12-16-22
590,Customer 590,Male,35,Bengaluru,Karnataka,South,Home Office,04-05-22
591,Customer 591,Female,47,Bengaluru,Karnataka,South,Consumer,07-23-23
592,Customer 592,Female,31,Bengaluru,Karnataka,South,Home Office,01-12-23
593,Customer 593,Male,37,Kolkata,West Bengal,East,Corporate,01-21-23
594,Customer 594,Female,61,Hyderabad,Telangana,South,Consumer,08-21-22
595,Customer 595,Female,55,Pune,Maharashtra,West,Corporate,09-03-23
596,Customer 596,Male,26,Hyderabad,Telangana,South,Consumer,02-18-23
597,Customer 597,Female,65,Delhi,Delhi,North,Corporate,07-10-23
598,Customer 598,Male,37,Mumbai,Maharashtra,West,Consumer,11-05-23
599,Customer 599,Male,62,Kolkata,West Bengal,East,Consumer,12-29-23
600,Customer 600,Male,60,Hyderabad,Telangana,South,Consumer,11-25-22
601,Customer 601,Female,50,Delhi,Delhi,North,Corporate,07-30-23
602,Customer 602,Female,23,Hyderabad,Telangana,South,Consumer,03-09-22
603,Customer 603,Female,36,Pune,Maharashtra,West,Corporate,05-10-22
604,Customer 604,Female,58,Kolkata,West Bengal,East,Home Office,05-14-24
605,Customer 605,Male,19,Bengaluru,Karnataka,South,Corporate,10-11-22
606,Customer 606,Male,60,Chennai,Tamil Nadu,South,Home Office,02-27-23
607,Customer 607,Female,40,Ahmedabad,Gujarat,West,Home Office,09-12-22
608,Customer 608,Female,25,Delhi,Delhi,North,Corporate,07-06-22
609,Customer 609,Male,43,Hyderabad,Telangana,South,Consumer,12-31-23
610,Customer 610,Male,37,Bengaluru,Karnataka,South,Consumer,03-18-23
611,Customer 611,Male,53,Kolkata,West Bengal,East,Corporate,01-27-24
612,Customer 612,Male,54,Bengaluru,Karnataka,South,Corporate,08-02-23
613,Customer 613,Female,18,Pune,Maharashtra,West,Consumer,03-22-23
614,Customer 614,Male,33,Pune,Maharashtra,West,Home Office,02-13-22
615,Customer 615,Female,31,Delhi,Delhi,North,Corporate,02-08-22
616,Customer 616,Female,65,Delhi,Delhi,North,Home Office,03-04-23
617,Customer 617,Male,40,Hyderabad,Telangana,South,Corporate,10-15-22
618,Customer 618,Female,50,Ahmedabad,Gujarat,West,Consumer,12-15-22
619,Customer 619,Male,49,Hyderabad,Telangana,South,Consumer,03-15-23
620,Customer 620,Female,29,Mumbai,Maharashtra,West,Home Office,12-21-23
621,Customer 621,Male,52,Bengaluru,Karnataka,South,Corporate,03-10-24
622,Customer 622,Male,40,Hyderabad,Telangana,South,Corporate,03-02-22
623,Customer 623,Male,58,Kolkata,West Bengal,East,Corporate,04-05-22
624,Customer 624,Female,60,Bengaluru,Karnataka,South,Corporate,05-20-22
625,Customer 625,Male,18,Hyderabad,Telangana,South,Home Office,12-24-23
626,Customer 626,Female,62,Ahmedabad,Gujarat,West,Corporate,05-17-22
627,Customer 627,Male,55,Bengaluru,Karnataka,South,Home Office,12-26-23
628,Customer 628,Male,53,Hyderabad,Telangana,South,Corporate,12-08-22
629,Customer 629,Male,56,Bengaluru,Karnataka,South,Corporate,11-25-23
630,Customer 630,Male,25,Kolkata,West Bengal,East,Home Office,05-01-24
631,Customer 631,Female,49,Pune,Maharashtra,West,Consumer,01-13-22
632,Customer 632,Female,37,Mumbai,Maharashtra,West,Consumer,03-03-22
633,Customer 633,Female,46,Delhi,Delhi,North,Consumer,12-20-23
634,Customer 634,Female,47,Bengaluru,Karnataka,South,Home Office,11-29-22
635,Customer 635,Male,53,Chennai,Tamil Nadu,South,Consumer,10-24-22
636,Customer 636,Female,49,Mumbai,Maharashtra,West,Consumer,01-12-22
637,Customer 637,Female,24,Chennai,Tamil Nadu,South,Home Office,01-27-24
638,Customer 638,Female,30,Ahmedabad,Gujarat,West,Home Office,03-21-23
639,Customer 639,Female,23,Chennai,Tamil Nadu,South,Home Office,01-09-22
640,Customer 640,Female,59,Pune,Maharashtra,West,Consumer,10-05-23
641,Customer 641,Male,19,Delhi,Delhi,North,Corporate,05-22-22
642,Customer 642,Female,29,Bengaluru,Karnataka,South,Home Office,10-31-22
643,Customer 643,Female,65,Bengaluru,Karnataka,South,Home Office,04-15-22
644,Customer 644,Male,59,Chennai,Tamil Nadu,South,Corporate,01-24-23
645,Customer 645,Female,26,Chennai,Tamil Nadu,South,Home Office,08-24-22
646,Customer 646,Female,33,Chennai,Tamil Nadu,South,Consumer,05-07-24
647,Customer 647,Female,21,Mumbai,Maharashtra,West,Consumer,04-20-22
648,Customer 648,Female,64,Ahmedabad,Gujarat,West,Consumer,03-10-23
649,Customer 649,Male,27,Pune,Maharashtra,West,Home Office,09-10-23
650,Customer 650,Male,46,Hyderabad,Telangana,South,Home Office,06-17-22
651,Customer 651,Male,46,Kolkata,West Bengal,East,Corporate,04-02-22
652,Customer 652,Female,18,Hyderabad,Telangana,South,Consumer,08-12-22
653,Customer 653,Female,22,Kolkata,West Bengal,East,Home Office,05-27-22
654,Customer 654,Female,39,Mumbai,Maharashtra,West,Consumer,06-11-23
655,Customer 655,Male,64,Ahmedabad,Gujarat,West,Consumer,01-10-22
656,Customer 656,Male,46,Kolkata,West Bengal,East,Home Office,10-30-22
657,Customer 657,Male,48,Chennai,Tamil Nadu,South,Consumer,08-05-23
658,Customer 658,Female,45,Chennai,Tamil Nadu,South,Home Office,06-14-23
659,Customer 659,Male,21,Bengaluru,Karnataka,South,Home Office,02-15-23
660,Customer 660,Female,54,Chennai,Tamil Nadu,South,Home Office,09-16-23
661,Customer 661,Female,60,Kolkata,West Bengal,East,Home Office,01-13-23
662,Customer 662,Female,51,Bengaluru,Karnataka,South,Home Office,11-03-22
663,Customer 663,Male,32,Mumbai,Maharashtra,West,Home Office,05-18-24
664,Customer 664,Male,27,Ahmedabad,Gujarat,West,Home Office,12-09-23
665,Customer 665,Female,41,Chennai,Tamil Nadu,South,Home Office,07-23-23
666,Customer 666,Female,43,Hyderabad,Telangana,South,Corporate,08-02-23
667,Customer 667,Male,30,Delhi,Delhi,North,Home Office,08-21-22
668,Customer 668,Female,59,Delhi,Delhi,North,Consumer,08-15-22
669,Customer 669,Female,63,Hyderabad,Telangana,South,Corporate,06-28-23
670,Customer 670,Female,32,Hyderabad,Telangana,South,Home Office,07-22-23
671,Customer 671,Male,44,Delhi,Delhi,North,Home Office,01-24-24
672,Customer 672,Female,26,Delhi,Delhi,North,Home Office,03-30-24
673,Customer 673,Male,47,Delhi,Delhi,North,Home Office,10-04-23
674,Customer 674,Male,30,Kolkata,West Bengal,East,Home Office,07-12-23
675,Customer 675,Male,26,Ahmedabad,Gujarat,West,Corporate,03-04-24
676,Customer 676,Male,21,Mumbai,Maharashtra,West,Corporate,02-19-23
677,Customer 677,Male,47,Mumbai,Maharashtra,West,Corporate,01-16-22
678,Customer 678,Male,45,Delhi,Delhi,North,Consumer,12-26-23
679,Customer 679,Male,64,Hyderabad,Telangana,South,Corporate,07-31-23
680,Customer 680,Female,65,Bengaluru,Karnataka,South,Home Office,01-11-23
681,Customer 681,Female,25,Mumbai,Maharashtra,West,Consumer,04-25-24
682,Customer 682,Female,64,Chennai,Tamil Nadu,South,Corporate,06-10-23
683,Customer 683,Female,24,Mumbai,Maharashtra,West,Corporate,04-16-24
684,Customer 684,Male,20,Chennai,Tamil Nadu,South,Home Office,04-02-24
685,Customer 685,Female,30,Hyderabad,Telangana,South,Home Office,09-18-22
686,Customer 686,Female,25,Ahmedabad,Gujarat,West,Consumer,01-22-22
687,Customer 687,Male,34,Ahmedabad,Gujarat,West,Consumer,04-24-22
688,Customer 688,Female,61,Bengaluru,Karnataka,South,Home Office,07-22-23
689,Customer 689,Male,55,Kolkata,West Bengal,East,Corporate,05-06-24
690,Customer 690,Male,19,Pune,Maharashtra,West,Corporate,03-31-23
691,Customer 691,Female,20,Bengaluru,Karnataka,South,Consumer,05-14-23
692,Customer 692,Female,48,Delhi,Delhi,North,Consumer,07-06-22
693,Customer 693,Male,57,Ahmedabad,Gujarat,West,Home Office,02-07-23
694,Customer 694,Female,51,Delhi,Delhi,North,Consumer,01-05-23
695,Customer 695,Male,31,Pune,Maharashtra,West,Consumer,05-15-22
696,Customer 696,Female,39,Chennai,Tamil Nadu,South,Home Office,01-15-24
697,Customer 697,Female,38,Ahmedabad,Gujarat,West,Consumer,02-02-23
698,Customer 698,Female,39,Chennai,Tamil Nadu,South,Consumer,08-17-23
699,Customer 699,Female,56,Mumbai,Maharashtra,West,Consumer,09-12-22
700,Customer 700,Male,35,Bengaluru,Karnataka,South,Corporate,01-15-24
701,Customer 701,Female,40,Pune,Maharashtra,West,Home Office,03-07-22
702,Customer 702,Male,53,Bengaluru,Karnataka,South,Consumer,12-17-23
703,Customer 703,Female,58,Hyderabad,Telangana,South,Home Office,03-03-24
704,Customer 704,Female,33,Delhi,Delhi,North,Consumer,01-07-23
705,Customer 705,Female,65,Delhi,Delhi,North,Corporate,11-08-22
706,Customer 706,Female,39,Hyderabad,Telangana,South,Consumer,12-25-22
707,Customer 707,Female,48,Chennai,Tamil Nadu,South,Home Office,11-19-23
708,Customer 708,Male,40,Chennai,Tamil Nadu,South,Consumer,09-07-22
709,Customer 709,Male,60,Bengaluru,Karnataka,South,Corporate,07-30-22
710,Customer 710,Female,54,Kolkata,West Bengal,East,Corporate,04-02-23
711,Customer 711,Male,27,Bengaluru,Karnataka,South,Corporate,08-24-23
712,Customer 712,Female,22,Pune,Maharashtra,West,Consumer,09-16-22
713,Customer 713,Male,37,Delhi,Delhi,North,Home Office,08-22-23
714,Customer 714,Female,62,Chennai,Tamil Nadu,South,Corporate,04-25-23
715,Customer 715,Female,38,Delhi,Delhi,North,Consumer,05-08-24
716,Customer 716,Male,28,Pune,Maharashtra,West,Home Office,09-21-22
717,Customer 717,Male,31,Pune,Maharashtra,West,Consumer,08-31-22
718,Customer 718,Male,56,Kolkata,West Bengal,East,Corporate,04-04-23
719,Customer 719,Male,64,Delhi,Delhi,North,Consumer,07-21-22
720,Customer 720,Male,23,Bengaluru,Karnataka,South,Consumer,09-08-23
721,Customer 721,Male,18,Chennai,Tamil Nadu,South,Consumer,01-07-24
722,Customer 722,Male,58,Pune,Maharashtra,West,Corporate,07-04-23
723,Customer 723,Female,38,Mumbai,Maharashtra,West,Home Office,08-06-22
724,Customer 724,Female,43,Mumbai,Maharashtra,West,Home Office,10-27-23
725,Customer 725,Male,44,Chennai,Tamil Nadu,South,Consumer,06-28-22
726,Customer 726,Female,49,Delhi,Delhi,North,Home Office,10-04-23
727,Customer 727,Female,18,Kolkata,West Bengal,East,Consumer,09-21-22
728,Customer 728,Female,21,Chennai,Tamil Nadu,South,Corporate,08-01-23
729,Customer 729,Male,19,Chennai,Tamil Nadu,South,Consumer,06-10-22
730,Customer 730,Male,40,Hyderabad,Telangana,South,Corporate,05-27-22
731,Customer 731,Male,60,Kolkata,West Bengal,East,Home Office,12-19-22
732,Customer 732,Female,63,Chennai,Tamil Nadu,South,Corporate,08-24-22
733,Customer 733,Female,59,Mumbai,Maharashtra,West,Home Office,03-05-24
734,Customer 734,Female,41,Ahmedabad,Gujarat,West,Home Office,07-27-23
735,Customer 735,Female,18,Pune,Maharashtra,West,Home Office,05-16-22
736,Customer 736,Female,27,Ahmedabad,Gujarat,West,Home Office,04-13-22
737,Customer 737,Male,19,Hyderabad,Telangana,South,Home Office,02-15-23
738,Customer 738,Male,52,Bengaluru,Karnataka,South,Home Office,05-06-22
739,Customer 739,Male,34,Hyderabad,Telangana,South,Home Office,07-23-23
740,Customer 740,Male,29,Chennai,Tamil Nadu,South,Home Office,01-26-24
741,Customer 741,Male,40,Bengaluru,Karnataka,South,Home Office,06-26-23
742,Customer 742,Female,31,Hyderabad,Telangana,South,Home Office,03-29-23
743,Customer 743,Female,47,Chennai,Tamil Nadu,South,Consumer,03-30-24
744,Customer 744,Male,24,Chennai,Tamil Nadu,South,Home Office,03-19-24
745,Customer 745,Female,61,Mumbai,Maharashtra,West,Corporate,03-09-22
746,Customer 746,Female,44,Mumbai,Maharashtra,West,Corporate,08-22-22
747,Customer 747,Female,19,Hyderabad,Telangana,South,Corporate,02-01-22
748,Customer 748,Male,40,Kolkata,West Bengal,East,Consumer,09-05-22
749,Customer 749,Female,59,Chennai,Tamil Nadu,South,Corporate,02-17-24
750,Customer 750,Female,31,Pune,Maharashtra,West,Home Office,06-19-24
751,Customer 751,Female,26,Bengaluru,Karnataka,South,Corporate,05-04-23
752,Customer 752,Female,18,Pune,Maharashtra,West,Corporate,04-01-22
753,Customer 753,Female,61,Hyderabad,Telangana,South,Home Office,06-15-22
754,Customer 754,Male,31,Ahmedabad,Gujarat,West,Home Office,08-06-22
755,Customer 755,Female,29,Chennai,Tamil Nadu,South,Corporate,02-17-22
756,Customer 756,Male,25,Bengaluru,Karnataka,South,Consumer,11-01-22
757,Customer 757,Female,27,Mumbai,Maharashtra,West,Home Office,05-17-22
758,Customer 758,Male,47,Chennai,Tamil Nadu,South,Home Office,04-10-22
759,Customer 759,Female,39,Kolkata,West Bengal,East,Home Office,04-03-22
760,Customer 760,Male,55,Kolkata,West Bengal,East,Consumer,12-10-22
761,Customer 761,Male,20,Hyderabad,Telangana,South,Consumer,03-22-24
762,Customer 762,Female,62,Hyderabad,Telangana,South,Consumer,08-12-23
763,Customer 763,Female,22,Mumbai,Maharashtra,West,Consumer,02-19-22
764,Customer 764,Male,51,Delhi,Delhi,North,Corporate,05-15-23
765,Customer 765,Male,61,Mumbai,Maharashtra,West,Home Office,07-03-22
766,Customer 766,Male,51,Bengaluru,Karnataka,South,Corporate,10-11-23
767,Customer 767,Female,31,Ahmedabad,Gujarat,West,Consumer,03-21-22
768,Customer 768,Male,18,Delhi,Delhi,North,Corporate,10-07-22
769,Customer 769,Male,30,Pune,Maharashtra,West,Home Office,03-12-22
770,Customer 770,Female,35,Mumbai,Maharashtra,West,Consumer,02-22-23
771,Customer 771,Male,59,Chennai,Tamil Nadu,South,Corporate,12-06-23
772,Customer 772,Female,62,Pune,Maharashtra,West,Corporate,07-16-23
773,Customer 773,Female,38,Pune,Maharashtra,West,Home Office,02-13-23
774,Customer 774,Male,42,Kolkata,West Bengal,East,Corporate,01-28-23
775,Customer 775,Male,58,Kolkata,West Bengal,East,Consumer,04-03-24
776,Customer 776,Female,62,Hyderabad,Telangana,South,Home Office,09-15-23
777,Customer 777,Male,60,Kolkata,West Bengal,East,Consumer,09-04-22
778,Customer 778,Male,63,Delhi,Delhi,North,Consumer,05-13-24
779,Customer 779,Female,61,Kolkata,West Bengal,East,Home Office,12-12-23
780,Customer 780,Female,47,Ahmedabad,Gujarat,West,Home Office,07-17-23
781,Customer 781,Female,50,Mumbai,Maharashtra,West,Corporate,04-30-23
782,Customer 782,Female,40,Kolkata,West Bengal,East,Home Office,08-29-22
783,Customer 783,Female,57,Delhi,Delhi,North,Home Office,02-07-23
784,Customer 784,Male,57,Chennai,Tamil Nadu,South,Corporate,03-15-22
785,Customer 785,Female,64,Pune,Maharashtra,West,Corporate,05-11-24
786,Customer 786,Male,27,Ahmedabad,Gujarat,West,Consumer,08-08-23
787,Customer 787,Male,51,Chennai,Tamil Nadu,South,Consumer,06-21-23
788,Customer 788,Male,27,Chennai,Tamil Nadu,South,Home Office,09-02-22
789,Customer 789,Male,38,Ahmedabad,Gujarat,West,Corporate,07-01-22
790,Customer 790,Female,25,Chennai,Tamil Nadu,South,Corporate,05-02-24
791,Customer 791,Female,42,Bengaluru,Karnataka,South,Consumer,12-21-23
792,Customer 792,Female,46,Chennai,Tamil Nadu,South,Home Office,01-01-23
793,Customer 793,Female,36,Delhi,Delhi,North,Corporate,10-09-22
794,Customer 794,Female,64,Delhi,Delhi,North,Consumer,04-06-23
795,Customer 795,Male,41,Bengaluru,Karnataka,South,Corporate,01-07-22
796,Customer 796,Female,51,Hyderabad,Telangana,South,Corporate,09-30-23
797,Customer 797,Male,53,Kolkata,West Bengal,East,Consumer,09-16-22
798,Customer 798,Female,21,Mumbai,Maharashtra,West,Home Office,08-08-23
799,Customer 799,Female,38,Bengaluru,Karnataka,South,Corporate,11-10-22
800,Customer 800,Female,23,Hyderabad,Telangana,South,Home Office,09-29-22
801,Customer 801,Male,30,Ahmedabad,Gujarat,West,Consumer,05-29-24
802,Customer 802,Female,57,Kolkata,West Bengal,East,Corporate,03-22-24
803,Customer 803,Female,42,Mumbai,Maharashtra,West,Corporate,01-05-24
804,Customer 804,Female,44,Mumbai,Maharashtra,West,Corporate,12-31-23
805,Customer 805,Male,42,Pune,Maharashtra,West,Home Office,12-27-22
806,Customer 806,Male,63,Bengaluru,Karnataka,South,Home Office,09-26-23
807,Customer 807,Male,39,Chennai,Tamil Nadu,South,Consumer,03-06-22
808,Customer 808,Female,42,Delhi,Delhi,North,Corporate,02-14-24
809,Customer 809,Male,24,Kolkata,West Bengal,East,Home Office,05-24-23
810,Customer 810,Female,44,Ahmedabad,Gujarat,West,Corporate,04-19-23
811,Customer 811,Female,43,Bengaluru,Karnataka,South,Corporate,03-08-22
812,Customer 812,Male,60,Bengaluru,Karnataka,South,Consumer,06-09-23
813,Customer 813,Male,61,Hyderabad,Telangana,South,Corporate,02-16-23
814,Customer 814,Female,47,Chennai,Tamil Nadu,South,Consumer,02-27-24
815,Customer 815,Male,54,Delhi,Delhi,North,Consumer,08-15-22
816,Customer 816,Male,31,Delhi,Delhi,North,Home Office,05-24-23
817,Customer 817,Male,63,Ahmedabad,Gujarat,West,Corporate,02-26-22
818,Customer 818,Male,53,Ahmedabad,Gujarat,West,Home Office,06-02-24
819,Customer 819,Male,44,Kolkata,West Bengal,East,Consumer,05-13-24
820,Customer 820,Female,30,Bengaluru,Karnataka,South,Home Office,11-25-22
821,Customer 821,Female,51,Mumbai,Maharashtra,West,Corporate,07-10-22
822,Customer 822,Female,34,Delhi,Delhi,North,Home Office,11-17-22
823,Customer 823,Female,50,Pune,Maharashtra,West,Corporate,07-24-23
824,Customer 824,Female,33,Mumbai,Maharashtra,West,Corporate,11-11-22
825,Customer 825,Female,37,Kolkata,West Bengal,East,Consumer,05-27-24
826,Customer 826,Male,52,Bengaluru,Karnataka,South,Home Office,02-23-22
827,Customer 827,Female,63,Chennai,Tamil Nadu,South,Home Office,04-21-23
828,Customer 828,Female,30,Bengaluru,Karnataka,South,Corporate,01-10-23
829,Customer 829,Female,18,Mumbai,Maharashtra,West,Home Office,01-17-24
830,Customer 830,Female,20,Delhi,Delhi,North,Corporate,02-23-23
831,Customer 831,Female,36,Hyderabad,Telangana,South,Consumer,03-26-24
832,Customer 832,Female,43,Hyderabad,Telangana,South,Home Office,04-01-24
833,Customer 833,Male,21,Ahmedabad,Gujarat,West,Consumer,07-28-22
834,Customer 834,Male,21,Kolkata,West Bengal,East,Consumer,05-28-24
835,Customer 835,Female,29,Delhi,Delhi,North,Consumer,04-13-24
836,Customer 836,Male,61,Bengaluru,Karnataka,South,Home Office,05-26-23
837,Customer 837,Male,52,Pune,Maharashtra,West,Consumer,04-01-24
838,Customer 838,Male,51,Bengaluru,Karnataka,South,Consumer,03-07-24
839,Customer 839,Male,23,Ahmedabad,Gujarat,West,Consumer,04-08-22
840,Customer 840,Female,63,Kolkata,West Bengal,East,Corporate,08-18-22
841,Customer 841,Male,62,Kolkata,West Bengal,East,Consumer,06-08-22
842,Customer 842,Female,36,Mumbai,Maharashtra,West,Consumer,06-13-22
843,Customer 843,Male,37,Chennai,Tamil Nadu,South,Corporate,12-25-23
844,Customer 844,Male,27,Chennai,Tamil Nadu,South,Home Office,07-16-23
845,Customer 845,Male,38,Hyderabad,Telangana,South,Corporate,02-05-23
846,Customer 846,Female,32,Bengaluru,Karnataka,South,Home Office,10-19-23
847,Customer 847,Female,27,Delhi,Delhi,North,Home Office,07-22-22
848,Customer 848,Female,61,Bengaluru,Karnataka,South,Corporate,03-17-23
849,Customer 849,Female,25,Delhi,Delhi,North,Home Office,02-09-22
850,Customer 850,Male,36,Hyderabad,Telangana,South,Corporate,11-03-23
851,Customer 851,Female,23,Chennai,Tamil Nadu,South,Consumer,01-19-22
852,Customer 852,Female,56,Ahmedabad,Gujarat,West,Home Office,10-14-22
853,Customer 853,Male,48,Delhi,Delhi,North,Corporate,07-26-22
854,Customer 854,Female,20,Hyderabad,Telangana,South,Home Office,08-16-23
855,Customer 855,Female,30,Delhi,Delhi,North,Consumer,01-02-22
856,Customer 856,Male,39,Pune,Maharashtra,West,Corporate,02-21-22
857,Customer 857,Male,39,Ahmedabad,Gujarat,West,Home Office,05-08-23
858,Customer 858,Male,37,Chennai,Tamil Nadu,South,Consumer,07-03-22
859,Customer 859,Male,28,Ahmedabad,Gujarat,West,Home Office,04-08-22
860,Customer 860,Male,20,Kolkata,West Bengal,East,Consumer,04-18-23
861,Customer 861,Male,44,Delhi,Delhi,North,Home Office,02-27-23
862,Customer 862,Female,64,Chennai,Tamil Nadu,South,Home Office,03-20-22
863,Customer 863,Male,60,Bengaluru,Karnataka,South,Consumer,01-04-23
864,Customer 864,Female,37,Chennai,Tamil Nadu,South,Consumer,01-06-22
865,Customer 865,Male,33,Pune,Maharashtra,West,Consumer,04-07-22
866,Customer 866,Female,52,Bengaluru,Karnataka,South,Home Office,05-24-23
867,Customer 867,Female,33,Delhi,Delhi,North,Consumer,11-29-22
868,Customer 868,Female,41,Mumbai,Maharashtra,West,Consumer,06-03-23
869,Customer 869,Male,26,Pune,Maharashtra,West,Consumer,02-18-23
870,Customer 870,Male,24,Hyderabad,Telangana,South,Consumer,04-08-22
871,Customer 871,Male,62,Ahmedabad,Gujarat,West,Home Office,03-21-24
872,Customer 872,Male,27,Hyderabad,Telangana,South,Corporate,03-31-22
873,Customer 873,Female,57,Mumbai,Maharashtra,West,Home Office,03-11-23
874,Customer 874,Male,23,Delhi,Delhi,North,Home Office,10-26-22
875,Customer 875,Male,56,Hyderabad,Telangana,South,Home Office,08-28-22
876,Customer 876,Male,22,Mumbai,Maharashtra,West,Home Office,04-21-24
877,Customer 877,Male,31,Chennai,Tamil Nadu,South,Home Office,04-11-22
878,Customer 878,Female,39,Bengaluru,Karnataka,South,Consumer,04-14-24
879,Customer 879,Male,18,Ahmedabad,Gujarat,West,Corporate,08-30-23
880,Customer 880,Female,20,Kolkata,West Bengal,East,Consumer,03-16-24
881,Customer 881,Male,27,Hyderabad,Telangana,South,Corporate,06-01-22
882,Customer 882,Male,32,Bengaluru,Karnataka,South,Home Office,07-28-22
883,Customer 883,Male,18,Chennai,Tamil Nadu,South,Corporate,12-27-23
884,Customer 884,Female,22,Mumbai,Maharashtra,West,Home Office,05-25-23
885,Customer 885,Male,41,Delhi,Delhi,North,Corporate,07-23-22
886,Customer 886,Female,55,Delhi,Delhi,North,Consumer,10-29-23
887,Customer 887,Female,26,Ahmedabad,Gujarat,West,Corporate,11-20-23
888,Customer 888,Female,61,Pune,Maharashtra,West,Home Office,02-24-22
889,Customer 889,Female,58,Bengaluru,Karnataka,South,Home Office,03-22-23
890,Customer 890,Male,22,Pune,Maharashtra,West,Corporate,02-05-24
891,Customer 891,Male,55,Hyderabad,Telangana,South,Corporate,09-03-22
892,Customer 892,Female,54,Hyderabad,Telangana,South,Home Office,06-17-24
893,Customer 893,Female,58,Mumbai,Maharashtra,West,Home Office,02-06-23
894,Customer 894,Female,43,Chennai,Tamil Nadu,South,Consumer,04-25-24
895,Customer 895,Female,60,Hyderabad,Telangana,South,Home Office,10-31-23
896,Customer 896,Female,18,Kolkata,West Bengal,East,Corporate,03-22-24
897,Customer 897,Male,25,Ahmedabad,Gujarat,West,Corporate,09-11-23
898,Customer 898,Female,47,Kolkata,West Bengal,East,Consumer,02-25-23
899,Customer 899,Male,23,Chennai,Tamil Nadu,South,Corporate,07-13-23
900,Customer 900,Female,57,Kolkata,West Bengal,East,Consumer,05-14-24
901,Customer 901,Male,35,Pune,Maharashtra,West,Consumer,12-10-22
902,Customer 902,Male,25,Ahmedabad,Gujarat,West,Consumer,02-22-23
903,Customer 903,Male,42,Mumbai,Maharashtra,West,Corporate,01-20-23
904,Customer 904,Female,28,Chennai,Tamil Nadu,South,Consumer,06-04-22
905,Customer 905,Female,37,Chennai,Tamil Nadu,South,Corporate,04-15-24
906,Customer 906,Male,28,Chennai,Tamil Nadu,South,Corporate,06-16-24
907,Customer 907,Male,24,Mumbai,Maharashtra,West,Consumer,01-01-22
908,Customer 908,Female,65,Ahmedabad,Gujarat,West,Corporate,08-02-23
909,Customer 909,Female,26,Delhi,Delhi,North,Corporate,07-20-23
910,Customer 910,Female,46,Kolkata,West Bengal,East,Corporate,03-19-22
911,Customer 911,Female,60,Pune,Maharashtra,West,Home Office,01-06-23
912,Customer 912,Male,59,Kolkata,West Bengal,East,Corporate,06-19-23
913,Customer 913,Male,21,Ahmedabad,Gujarat,West,Home Office,01-08-23
914,Customer 914,Female,46,Delhi,Delhi,North,Corporate,07-25-23
915,Customer 915,Female,20,Bengaluru,Karnataka,South,Corporate,01-17-24
916,Customer 916,Male,35,Ahmedabad,Gujarat,West,Consumer,05-21-22
917,Customer 917,Male,43,Hyderabad,Telangana,South,Consumer,08-25-23
918,Customer 918,Male,36,Pune,Maharashtra,West,Home Office,10-05-23
919,Customer 919,Female,59,Mumbai,Maharashtra,West,Consumer,03-07-23
920,Customer 920,Female,62,Kolkata,West Bengal,East,Corporate,05-20-23
921,Customer 921,Female,21,Chennai,Tamil Nadu,South,Home Office,06-15-22
922,Customer 922,Male,51,Chennai,Tamil Nadu,South,Consumer,05-24-22
923,Customer 923,Male,61,Bengaluru,Karnataka,South,Corporate,11-12-22
924,Customer 924,Female,42,Mumbai,Maharashtra,West,Corporate,08-25-23
925,Customer 925,Female,48,Bengaluru,Karnataka,South,Consumer,10-06-22
926,Customer 926,Female,24,Chennai,Tamil Nadu,South,Home Office,03-25-23
927,Customer 927,Female,38,Pune,Maharashtra,West,Corporate,01-06-23
928,Customer 928,Male,31,Ahmedabad,Gujarat,West,Home Office,10-01-22
929,Customer 929,Female,58,Ahmedabad,Gujarat,West,Consumer,05-29-23
930,Customer 930,Male,35,Chennai,Tamil Nadu,South,Home Office,02-15-22
931,Customer 931,Female,22,Ahmedabad,Gujarat,West,Corporate,11-09-23
932,Customer 932,Female,51,Kolkata,West Bengal,East,Corporate,01-07-23
933,Customer 933,Female,18,Delhi,Delhi,North,Consumer,09-23-22
934,Customer 934,Female,34,Pune,Maharashtra,West,Consumer,12-29-22
935,Customer 935,Male,56,Delhi,Delhi,North,Home Office,06-15-24
936,Customer 936,Male,37,Kolkata,West Bengal,East,Consumer,05-04-24
937,Customer 937,Male,43,Bengaluru,Karnataka,South,Corporate,01-11-24
938,Customer 938,Female,49,Chennai,Tamil Nadu,South,Corporate,02-14-23
939,Customer 939,Male,63,Chennai,Tamil Nadu,South,Consumer,06-04-24
940,Customer 940,Female,26,Kolkata,West Bengal,East,Consumer,11-17-23
941,Customer 941,Male,44,Chennai,Tamil Nadu,South,Consumer,11-30-23
942,Customer 942,Male,54,Mumbai,Maharashtra,West,Corporate,05-22-24
943,Customer 943,Female,61,Kolkata,West Bengal,East,Consumer,08-08-22
944,Customer 944,Male,50,Bengaluru,Karnataka,South,Consumer,08-16-22
945,Customer 945,Female,36,Pune,Maharashtra,West,Consumer,02-04-22
946,Customer 946,Female,63,Kolkata,West Bengal,East,Consumer,09-20-23
947,Customer 947,Male,32,Pune,Maharashtra,West,Corporate,09-15-23
948,Customer 948,Male,41,Delhi,Delhi,North,Consumer,01-04-23
949,Customer 949,Female,31,Delhi,Delhi,North,Consumer,05-05-22
950,Customer 950,Male,46,Ahmedabad,Gujarat,West,Corporate,10-07-23
951,Customer 951,Male,20,Mumbai,Maharashtra,West,Home Office,04-02-23
952,Customer 952,Female,32,Ahmedabad,Gujarat,West,Corporate,04-24-22
953,Customer 953,Male,31,Chennai,Tamil Nadu,South,Home Office,12-05-22
954,Customer 954,Male,32,Hyderabad,Telangana,South,Consumer,10-16-22
955,Customer 955,Female,45,Mumbai,Maharashtra,West,Corporate,04-10-24
956,Customer 956,Female,64,Delhi,Delhi,North,Consumer,10-08-23
957,Customer 957,Female,50,Delhi,Delhi,North,Home Office,02-14-23
958,Customer 958,Male,41,Kolkata,West Bengal,East,Home Office,08-20-22
959,Customer 959,Female,22,Chennai,Tamil Nadu,South,Home Office,11-05-23
960,Customer 960,Male,45,Ahmedabad,Gujarat,West,Corporate,08-13-23
961,Customer 961,Female,57,Ahmedabad,Gujarat,West,Consumer,07-15-22
962,Customer 962,Male,36,Delhi,Delhi,North,Consumer,02-17-23
963,Customer 963,Male,46,Delhi,Delhi,North,Consumer,01-24-24
964,Customer 964,Female,30,Hyderabad,Telangana,South,Home Office,03-02-24
965,Customer 965,Male,65,Pune,Maharashtra,West,Home Office,02-05-24
966,Customer 966,Female,31,Mumbai,Maharashtra,West,Corporate,03-06-22
967,Customer 967,Female,53,Mumbai,Maharashtra,West,Corporate,05-05-24
968,Customer 968,Female,40,Bengaluru,Karnataka,South,Corporate,08-02-23
969,Customer 969,Male,62,Delhi,Delhi,North,Corporate,02-15-22
970,Customer 970,Female,24,Kolkata,West Bengal,East,Corporate,01-31-22
971,Customer 971,Male,41,Delhi,Delhi,North,Corporate,05-28-24
972,Customer 972,Female,38,Ahmedabad,Gujarat,West,Corporate,03-26-22
973,Customer 973,Male,51,Bengaluru,Karnataka,South,Home Office,05-20-24
974,Customer 974,Female,31,Pune,Maharashtra,West,Corporate,06-05-23
975,Customer 975,Male,30,Pune,Maharashtra,West,Home Office,11-04-23
976,Customer 976,Female,64,Pune,Maharashtra,West,Home Office,04-14-24
977,Customer 977,Female,26,Kolkata,West Bengal,East,Consumer,06-14-22
978,Customer 978,Male,64,Mumbai,Maharashtra,West,Home Office,04-24-22
979,Customer 979,Male,23,Kolkata,West Bengal,East,Corporate,01-29-22
980,Customer 980,Male,38,Mumbai,Maharashtra,West,Corporate,07-28-22
981,Customer 981,Male,18,Ahmedabad,Gujarat,West,Consumer,05-12-23
982,Customer 982,Female,24,Hyderabad,Telangana,South,Consumer,12-30-22
983,Customer 983,Female,47,Bengaluru,Karnataka,South,Home Office,07-24-22
984,Customer 984,Male,54,Ahmedabad,Gujarat,West,Home Office,02-19-24
985,Customer 985,Female,28,Mumbai,Maharashtra,West,Corporate,06-01-24
986,Customer 986,Female,62,Hyderabad,Telangana,South,Corporate,01-05-24
987,Customer 987,Female,56,Bengaluru,Karnataka,South,Corporate,05-02-22
988,Customer 988,Male,32,Delhi,Delhi,North,Consumer,12-18-23
989,Customer 989,Male,58,Kolkata,West Bengal,East,Home Office,08-03-23
990,Customer 990,Male,30,Mumbai,Maharashtra,West,Consumer,09-06-22
991,Customer 991,Male,43,Mumbai,Maharashtra,West,Consumer,04-23-23
992,Customer 992,Male,53,Hyderabad,Telangana,South,Home Office,03-04-24
993,Customer 993,Male,27,Kolkata,West Bengal,East,Corporate,09-27-22
994,Customer 994,Male,63,Mumbai,Maharashtra,West,Consumer,05-06-23
995,Customer 995,Male,57,Bengaluru,Karnataka,South,Home Office,05-27-22
996,Customer 996,Female,18,Chennai,Tamil Nadu,South,Consumer,04-19-22
997,Customer 997,Male,50,Mumbai,Maharashtra,West,Home Office,07-24-23
998,Customer 998,Male,60,Delhi,Delhi,North,Home Office,12-24-23
999,Customer 999,Female,60,Pune,Maharashtra,West,Consumer,04-14-23
1000,Customer 1000,Male,50,Hyderabad,Telangana,South,Corporate,01-25-22